group,score
Group A,0.5969
Group A,0.5923
Group A,0.6022
Group A,0.7323
Group A,0.5996
Group A,0.3804
Group A,0.6732
Group A,0.5772
Group A,0.5853
Group A,0.6385
Group A,0.6572
Group A,0.8062
Group A,0.7251
Group A,0.6377
Group A,0.5019
Group A,0.4577
Group A,0.6594
Group A,0.8298
Group A,0.6267
Group A,0.603
Group A,0.7051
Group A,0.3874
Group A,0.57
Group A,0.6985
Group A,0.7597
Group A,0.5815
Group A,0.6803
Group A,0.6597
Group A,0.7452
Group A,0.4419
Group A,0.7109
Group A,0.3777
Group A,0.2008
Group A,0.5229
Group A,0.4735
Group A,0.7602
Group A,0.7263
Group A,0.4249
Group A,0.7556
Group A,0.4596
Group A,0.6062
Group A,0.573
Group A,0.6383
Group A,0.751
Group A,0.7221
Group A,0.676
Group A,0.724
Group A,0.6966
Group A,0.5197
Group A,0.5052
Group A,0.5448
Group A,0.6999
Group A,0.58
Group A,0.9937
Group A,0.4889
Group A,0.4442
Group A,0.743
Group A,0.8475
Group A,0.7009
Group A,0.7537
Group A,0.8482
Group A,0.605
Group A,0.3923
Group A,0.5349
Group A,0.7725
Group A,0.389
Group A,0.6254
Group A,0.6605
Group A,0.5695
Group A,0.7358
Group A,0.7129
Group A,0.9914
Group A,0.7192
Group A,0.5225
Group A,0.5301
Group A,0.4869
Group A,0.7724
Group A,0.5293
Group A,0.6088
Group A,0.7399
Group A,0.5042
Group A,0.573
Group A,0.3254
Group A,0.4468
Group A,0.5292
Group A,0.6865
Group A,0.811
Group A,0.617
Group A,0.6618
Group A,0.6469
Group A,0.7936
Group A,0.7629
Group A,0.6638
Group A,0.4582
Group A,0.7645
Group A,0.681
Group A,0.8163
Group A,0.6152
Group A,0.9325
Group A,0.5626
Group A,0.8749
Group A,0.6384
Group A,0.5374
Group A,0.4394
Group A,0.5958
Group A,0.8477
Group A,0.7506
Group A,0.7302
Group A,0.2399
Group A,0.7338
Group A,0.7089
Group A,0.532
Group A,0.5196
Group A,0.6196
Group A,0.896
Group A,0.4512
Group A,0.5516
Group A,0.8379
Group A,0.5486
Group A,0.5617
Group A,0.6356
Group A,0.4214
Group A,0.6552
Group A,0.4265
Group A,0.7616
Group A,0.6205
Group A,0.9853
Group A,0.6649
Group A,0.8385
Group A,0.4115
Group A,0.6005
Group A,0.6717
Group A,0.8993
Group A,0.3511
Group A,0.7785
Group A,0.7146
Group A,0.8654
Group A,0.734
Group A,0.6283
Group A,0.5365
Group A,0.4203
Group A,0.6513
Group A,0.5893
Group A,0.9432
Group A,0.5222
Group A,0.6713
Group A,0.369
Group A,0.5567
Group A,0.6618
Group A,0.7518
Group A,0.8517
Group A,0.6129
Group A,0.4412
Group A,0.6933
Group A,0.7027
Group A,0.6987
Group A,0.508
Group A,0.8013
Group A,0.6341
Group A,0.732
Group A,0.8239
Group A,0.7175
Group A,0.6658
Group A,0.9644
Group A,0.659
Group A,0.5726
Group A,0.6379
Group A,0.8572
Group A,0.639
Group A,0.7031
Group A,0.8113
Group A,0.5379
Group A,0.3437
Group A,0.6679
Group A,0.6568
Group A,0.5227
Group A,0.7594
Group A,0.7172
Group A,0.4608
Group A,0.7029
Group A,0.5886
Group A,0.3827
Group A,0.6925
Group A,0.6128
Group A,0.5008
Group A,0.7037
Group A,0.6981
Group A,0.5276
Group A,0.6841
Group A,0.7824
Group A,0.506
Group A,0.6809
Group A,0.6204
Group A,0.9826
Group A,0.322
Group A,0.7312
Group A,0.571
Group A,0.604
Group A,0.9243
Group A,0.6186
Group A,0.9786
Group A,0.5493
Group A,0.6761
Group A,0.5415
Group A,0.5095
Group A,0.63
Group A,0.5748
Group A,0.6524
Group A,0.2832
Group A,0.9404
Group A,0.5933
Group A,0.8989
Group A,0.4589
Group A,0.6668
Group A,1.1264
Group A,0.4808
Group A,0.3808
Group A,0.5326
Group A,0.6956
Group A,0.7309
Group A,0.8265
Group A,0.5789
Group A,0.3636
Group A,0.5504
Group A,0.8184
Group A,0.6945
Group A,0.3069
Group A,0.6144
Group A,0.8437
Group A,0.9602
Group A,0.7099
Group A,0.6695
Group A,0.4216
Group A,0.4851
Group A,0.6275
Group A,0.7005
Group A,0.7128
Group A,0.5435
Group A,0.4357
Group A,0.4956
Group A,0.4349
Group A,0.7229
Group A,0.25
Group A,0.5667
Group A,0.692
Group A,0.8635
Group A,0.6314
Group A,0.7802
Group A,0.5562
Group A,0.5009
Group A,0.5121
Group A,0.8644
Group A,0.7791
Group A,0.698
Group A,1.1528
Group A,0.6148
Group A,0.7193
Group A,0.6692
Group A,0.5845
Group A,0.9906
Group A,0.8611
Group A,0.3961
Group A,0.556
Group A,0.6885
Group A,0.7453
Group A,0.4042
Group A,0.2591
Group A,0.315
Group A,0.6086
Group A,0.6035
Group A,0.6752
Group A,0.4969
Group A,0.4241
Group A,0.2963
Group A,0.6727
Group A,0.6792
Group A,0.7789
Group A,0.7465
Group A,0.5895
Group A,0.8359
Group A,0.5982
Group A,0.5143
Group A,0.5367
Group A,0.5264
Group A,0.2735
Group A,0.645
Group A,0.66
Group A,0.562
Group A,0.5058
Group A,0.6795
Group A,0.8947
Group A,0.6261
Group A,0.5388
Group A,0.5254
Group A,0.6088
Group A,0.4176
Group A,0.6
Group A,0.6298
Group A,0.9151
Group A,0.771
Group B,0.6344
Group B,0.4073
Group B,0.5871
Group B,0.3519
Group B,0.5406
Group B,0.5544
Group B,0.4004
Group B,0.7599
Group B,0.5738
Group B,0.2526
Group B,0.5719
Group B,0.447
Group B,0.5002
Group B,0.5605
Group B,0.5508
Group B,0.2349
Group B,0.3494
Group B,0.6004
Group B,0.6692
Group B,0.7474
Group B,0.7344
Group B,0.2328
Group B,0.6
Group B,0.2509
Group B,0.7098
Group B,0.5329
Group B,0.3516
Group B,0.7613
Group B,0.5837
Group B,0.2542
Group B,0.5382
Group B,0.405
Group B,0.5145
Group B,0.4395
Group B,0.6786
Group B,0.315
Group B,0.5413
Group B,0.7358
Group B,0.3925
Group B,0.5274
Group B,0.5263
Group B,0.4103
Group B,0.5842
Group B,0.5126
Group B,0.3773
Group B,0.7291
Group B,0.6029
Group B,0.4783
Group B,0.4172
Group B,0.398
Group B,0.66
Group B,0.481
Group B,0.5597
Group B,0.476
Group B,0.5801
Group B,0.4849
Group B,0.5993
Group B,0.4762
Group B,0.6078
Group B,0.5874
Group B,0.4848
Group B,0.3882
Group B,0.3778
Group B,0.4037
Group B,0.372
Group B,0.6126
Group B,0.4939
Group B,0.7041
Group B,0.7963
Group B,0.5031
Group B,0.2988
Group B,0.4504
Group B,0.4902
Group B,0.3065
Group B,0.4674
Group B,0.5373
Group B,0.4403
Group B,0.4001
Group B,0.4014
Group B,0.7323
Group B,0.4792
Group B,0.3921
Group B,0.4515
Group B,0.6241
Group B,0.411
Group B,0.5626
Group B,0.5946
Group B,0.5974
Group B,0.682
Group B,0.4284
Group B,0.6473
Group B,0.3969
Group B,0.4484
Group B,0.6555
Group B,0.6069
Group B,0.5003
Group B,0.3451
Group B,0.573
Group B,0.4181
Group B,0.3799
Group B,0.4157
Group B,0.532
Group B,0.2243
Group B,0.5469
Group B,0.5226
Group B,0.424
Group B,0.6348
Group B,0.5795
Group B,0.4212
Group B,0.4129
Group B,0.5904
Group B,0.3029
Group B,0.4568
Group B,0.418
Group B,0.5091
Group B,0.5274
Group B,0.5048
Group B,0.6475
Group B,0.5296
Group B,0.4591
Group B,0.3426
Group B,0.5938
Group B,0.5687
Group B,0.6886
Group B,0.4028
Group B,0.5034
Group B,0.4924
Group B,0.4886
Group B,0.5014
Group B,0.2771
Group B,0.6072
Group B,0.5849
Group B,0.647
Group B,0.7924
Group B,0.4585
Group B,0.4953
Group B,0.5013
Group B,0.7525
Group B,0.2749
Group B,0.5631
Group B,0.3088
Group B,0.1644
Group B,0.2373
Group B,0.3204
Group B,0.639
Group B,0.3871
Group B,0.4704
Group B,0.3487
Group B,0.5794
Group B,0.3567
Group B,0.6713
Group B,0.3709
Group B,0.4006
Group B,0.516
Group B,0.5032
Group B,0.6852
Group B,0.5157
Group B,0.343
Group B,0.4272
Group B,0.4255
Group B,0.5943
Group B,0.5499
Group B,0.4845
Group B,0.613
Group B,0.4313
Group B,0.4823
Group B,0.5235
Group B,0.6987
Group B,0.4872
Group B,0.4544
Group B,0.364
Group B,0.5892
Group B,0.4236
Group B,0.5447
Group B,0.2528
Group B,0.6356
Group B,0.3268
Group B,0.3989
Group B,0.6376
Group B,0.3265
Group B,0.4897
Group B,0.5097
Group B,0.3702
Group B,0.6746
Group B,0.6948
Group B,0.2437
Group B,0.3116
Group B,0.6051
Group B,0.3306
Group B,0.4495
Group B,0.5168
Group B,0.5899
Group B,0.471
Group B,0.5124
Group B,0.399
Group B,0.668
Group B,0.4356
Group B,0.5442
Group B,0.4335
Group B,0.5138
Group B,0.4781
Group B,0.4789
Group B,0.3682
Group B,0.6035
Group B,0.6838
Group B,0.5316
Group B,0.5952
Group B,0.6089
Group B,0.6206
Group B,0.5394
Group B,0.5276
Group B,0.6123
Group B,0.5089
Group B,0.3734
Group B,0.5031
Group B,0.2545
Group B,0.4992
Group B,0.5537
Group B,0.6607
Group B,0.5197
Group B,0.6207
Group B,0.4999
Group B,0.3669
Group B,0.3165
Group B,0.3739
Group B,0.3224
Group B,0.5824
Group B,0.473
Group B,0.5741
Group B,0.5095
Group B,0.6357
Group B,0.6378
Group B,0.4161
Group B,0.4643
Group B,0.4307
Group B,0.2892
Group B,0.5878
Group B,0.6545
Group B,0.4992
Group B,0.4359
Group B,0.6418
Group B,0.1952
Group B,0.5231
Group B,0.5186
Group B,0.4258
Group B,0.6809
Group B,0.6262
Group B,0.466
Group B,0.4887
Group B,0.4496
Group B,0.4334
Group B,0.3299
Group B,0.6794
Group B,0.6336
Group B,0.6038
Group B,0.3577
Group B,0.7705
Group B,0.7574
Group B,0.5244
Group B,0.3825
Group B,0.3874
Group B,0.5544
Group B,0.3813
Group B,0.4956
Group B,0.6415
Group B,0.3041
Group B,0.7607
Group B,0.7037
Group B,0.3392
Group B,0.3162
Group B,0.4632
Group B,0.366
Group B,0.4657
Group B,0.1644
Group B,0.4703
Group B,0.7344
Group B,0.3548
Group B,0.4645
Group B,0.3064
Group B,0.583
Group B,0.4707
Group B,0.7523
Group B,0.5269
Group B,0.4516
Group B,0.5715
Group B,0.4342
Group B,0.3259
Group B,0.5393
Group B,0.4773
Group B,0.5216
Group B,0.5488
Group B,0.4337
Group B,0.5548
Group B,0.7259
Group B,0.356
Group B,0.7259
Group B,0.4684
Group B,0.4003
Group B,0.8155
Group B,0.5202
